violation_county,violation_description,count
QN,BUS LANE VIOLATION,271125
MN,BUS LANE VIOLATION,241326
BK,BUS LANE VIOLATION,124205
BX,BUS LANE VIOLATION,76997
ST,BUS LANE VIOLATION,1710
MN,MOBILE BUS LANE VIOLATION,76250
,MOBILE BUS LANE VIOLATION,51077
BK,MOBILE BUS LANE VIOLATION,37258
QN,MOBILE BUS LANE VIOLATION,31825
ST,MOBILE BUS LANE VIOLATION,1995
NY,18-No Stand (bus lane),22313
Q,18-No Stand (bus lane),2149
BX,18-No Stand (bus lane),2001
K,18-No Stand (bus lane),823
R,18-No Stand (bus lane),221
Bronx,No Standing Bus Lane,11
Kings,No Standing Bus Lane,10
NY,No Standing Bus Lane,10
Qns,No Standing Bus Lane,6
