month,violation_description,count
2025-06,18-No Stand (bus lane),533
2025-06,BUS LANE VIOLATION,21023
2025-06,MOBILE BUS LANE VIOLATION,5436
2025-07,18-No Stand (bus lane),2467
2025-07,BUS LANE VIOLATION,72734
2025-07,MOBILE BUS LANE VIOLATION,18546
2025-07,No Standing Bus Lane,3
2025-08,18-No Stand (bus lane),2092
2025-08,BUS LANE VIOLATION,73060
2025-08,MOBILE BUS LANE VIOLATION,18033
2025-08,No Standing Bus Lane,4
2025-09,18-No Stand (bus lane),1972
2025-09,BUS LANE VIOLATION,77036
2025-09,MOBILE BUS LANE VIOLATION,16365
2025-09,No Standing Bus Lane,4
2025-10,18-No Stand (bus lane),2636
2025-10,BUS LANE VIOLATION,70369
2025-10,MOBILE BUS LANE VIOLATION,15947
2025-10,No Standing Bus Lane,1
2025-11,18-No Stand (bus lane),2422
2025-11,BUS LANE VIOLATION,60082
2025-11,MOBILE BUS LANE VIOLATION,13824
2025-11,No Standing Bus Lane,1
2025-12,18-No Stand (bus lane),1906
2025-12,BUS LANE VIOLATION,59748
2025-12,MOBILE BUS LANE VIOLATION,18320
2025-12,No Standing Bus Lane,2
2026-01,18-No Stand (bus lane),1828
2026-01,BUS LANE VIOLATION,45902
2026-01,MOBILE BUS LANE VIOLATION,25102
2026-01,No Standing Bus Lane,8
2026-02,18-No Stand (bus lane),2255
2026-02,BUS LANE VIOLATION,31350
2026-02,MOBILE BUS LANE VIOLATION,39239
2026-02,No Standing Bus Lane,10
2026-03,18-No Stand (bus lane),2262
2026-03,BUS LANE VIOLATION,51854
2026-03,MOBILE BUS LANE VIOLATION,21418
2026-03,No Standing Bus Lane,1
2026-04,18-No Stand (bus lane),2570
2026-04,BUS LANE VIOLATION,53489
2026-04,MOBILE BUS LANE VIOLATION,6175
2026-04,No Standing Bus Lane,1
2026-05,18-No Stand (bus lane),2535
2026-05,BUS LANE VIOLATION,60374
2026-05,No Standing Bus Lane,2
2026-06,18-No Stand (bus lane),2029
2026-06,BUS LANE VIOLATION,38342
