rank,street_name,count
1,SB University Ave @,7142
2,NB Webster Ave @ E 1,5495
3,SB Lexington Ave @ E,4481
4,NB University Ave @,4455
5,SB Webster Ave @ E 1,4378
6,EB W 125th St @ Malc,3511
7,WB W 125th St @ 5th,3147
8,SB Main St @ Sanford,2598
9,SB Utica Ave @ Avenu,2576
10,EB W 125th St @ Fred,2562
11,WB W 125th St @ Malc,2167
12,EB W 125th St @ Adam,2096
13,SB Washington Ave @,2069
14,WB Livingston St @ S,2042
15,EB W 125th St @ 7th,1985
16,NB Utica Ave @ Avenu,1715
17,WB W 125th St @ 7th,1651
18,NB Nostrand Ave @ Av,1612
19,WB W 207th St @ Sher,1374
20,WB Kings Hwy @ E 17t,1318
21,EB E 149th St @ Morr,1284
22,SB Woodhaven Blvd @,1256
23,SB Pennsylvania Ave,1221
24,WB W 42nd Street @ 8,1217
25,EB W 181st St @ Wads,1181
26,EB Hillside Ave @ 18,1141
27,NB 1st Ave @ E 60th,1088
28,SB Utica Ave @ Linde,1066
29,NB Merrick Blvd @ 10,1046
30,WB Hillside Ave @ 16,1028
31,EB Fulton St @ S Por,991
32,WB W 207th St @ Verm,990
33,EB W 207th St @ Sher,984
34,EB E 14th St @ 2nd A,968
35,WB W 207th St @ Post,947
36,SB Fresh Pond Rd @ M,911
37,SB Sutphin Blvd @ 90,888
38,SB Webster Ave @ Bed,888
39,WB E 149th St @ Cour,881
40,NB Utica Ave @ Churc,864
41,EB Archer Ave @ Sutp,863
42,SB 2nd Ave @ E 77th,851
43,SB Utica Ave @ Bever,838
44,WB E 79th St @ 2nd A,805
45,SB Nostrand Ave @ Gl,804
46,EB W 125th St @ Morn,799
47,WB W Fordham Rd @ Da,790
48,EB Fulton St @ Washi,767
49,SB Rockaway Pkwy @ G,759
50,NB Main St @ Maple A,750
51,WB W Fordham Rd @ Gr,745
52,SB Sutphin Blvd @ 89,741
53,NB Woodhaven Blvd @,731
54,EB E 125th St @ 5th,727
55,SB 2nd Ave @ E 69th,720
56,WB E 14th St @ 1st A,673
57,NB Main St @ Frankli,668
58,EB E 149th St @ Broo,652
59,NB Webster Ave @ E 2,648
60,EB E 149th St @ Berg,626
